insert into currency (name, abbr, icon_url ) values('Forint', 'HUF',''),('Dollar', 'USD',''),('Euro', 'EUR', '') ;

INSERT INTO `lang` (id, lang, name) VALUES (1,'HUN','magyar'),(2,'CZH','čeština'),(3,'POL','poland'),(4,'ROM','ruminesče'),(5,'ENG','english'),(6,'GER','deutch');

insert into shop(lang, currency, name) values (1, 1, 'headQuarter'),  (1, 1, 'headQuarter'), (2, 3, 'Csekk ish'), (4, 2, 'NyustuRumunyesku') ;

INSERT INTO `category` (id, parent_category, name) VALUES
    (1,NULL,'A'),(2,NULL,'M'),(3,NULL,'Q'),(4,NULL,'S'),(5,NULL,'Z'),(6,1,'B'),(7,1,'J'),(8,1,'S'),(9,2,'V')
    ,(10,2,'X'),(11,3,'A'),(12,4,'X'),(13,5,'A'),(14,5,'Z')
;

INSERT INTO `code_type` (id,name, is_numeric, max_value, min_value, def_value, is_text, def_text, is_discrete) VALUES
    (1,'numList',1,NULL,NULL,NULL,0,NULL,1)
    , (2,'strList',0,NULL,NULL,NULL,1,NULL,1)
    , (3,'text',   0,NULL,NULL,NULL,1,NULL,0)
    , (4,'decimal',1,NULL,NULL,NULL,0,NULL,0)
;

INSERT INTO `code_group` (id,name,code_type, ord) VALUES 
    (1,'boseg',4,4),(2,'kosar',2,3),(3,'magassag',4,1),(4,'CV',3,7),(5,'csipo',4,5),(6,'fenek',4,6),(7,'qualityClass',1,2);


INSERT INTO `code_value` (id, code_group, name, value, ord) VALUES 
    (1,2,'-','A',11),(2,2,'-','B',21),(3,2,'-','C',31),(4,2,'-','D',41),(5,2,'-','DD',99),(6,7,'-','1',11),(7,7,'-','2',21)
    ,(8,7,'-','3',31),(9,7,'-','4',41),(10,7,'-','5',99);

insert into currency (name, abbr, icon_url ) values('Forint', 'HUF',''),('Dollar', 'USD',''),('Euro', 'EUR', '') ;

INSERT INTO `product` (id, name, article_number, category) VALUES
 (21,'A-AB-AB0','LSZ-21',6),(22,'A-AB-AB1','LSZ-22',6),(23,'A-AB-AB2','LSZ-23',6),(24,'A-AB-AB3','LSZ-24',6),(25,'A-AB-AB4','LSZ-25',6),(26,'A-AB-AB5','LSZ-26',6),(27,'A-AB-AB6','LSZ-27',6),(28,'A-AB-AB7','LSZ-28',6),(29,'A-AB-AB8','LSZ-29',6),(30,'A-AB-AB9','LSZ-30',6),(31,'A-AJ-AJ0','LSZ-31',7),(32,'A-AJ-AJ1','LSZ-32',7),(33,'A-AJ-AJ2','LSZ-33',7),(34,'A-AJ-AJ3','LSZ-34',7),(35,'A-AJ-AJ4','LSZ-35',7),(36,'A-AJ-AJ5','LSZ-36',7),(37,'A-AJ-AJ6','LSZ-37',7),(38,'A-AS-AS0','LSZ-38',8),(39,'A-AS-AS1','LSZ-39',8),(40,'A-AS-AS2','LSZ-40',8),(41,'A-AS-AS3','LSZ-41',8),(42,'A-AS-AS4','LSZ-42',8),(43,'A-AS-AS5','LSZ-43',8),(44,'A-AS-AS6','LSZ-44',8),(45,'A-AS-AS7','LSZ-45',8),(46,'A-AS-AS8','LSZ-46',8),(47,'A-AS-AS9','LSZ-47',8),(48,'M-MV-MV0','LSZ-48',9),(49,'M-MV-MV1','LSZ-49',9),(50,'M-MV-MV2','LSZ-50',9),(51,'M-MV-MV3','LSZ-51',9),(52,'M-MV-MV4','LSZ-52',9),(53,'M-MV-MV5','LSZ-53',9),(54,'M-MV-MV6','LSZ-54',9),(55,'M-MX-MX0','LSZ-55',10),(56,'M-MX-MX1','LSZ-56',10),(57,'M-MX-MX2','LSZ-57',10),(58,'M-MX-MX3','LSZ-58',10),(59,'Q-QA-QA0','LSZ-59',11),(60,'Q-QA-QA1','LSZ-60',11),(61,'Q-QA-QA2','LSZ-61',11),(62,'Q-QA-QA3','LSZ-62',11),(63,'Q-QA-QA4','LSZ-63',11),(64,'Q-QA-QA5','LSZ-64',11),(65,'Q-QA-QA6','LSZ-65',11),(66,'S-SX-SX0','LSZ-66',12),(67,'S-SX-SX1','LSZ-67',12),(68,'S-SX-SX2','LSZ-68',12),(69,'S-SX-SX3','LSZ-69',12),(70,'Z-ZA-ZA0','LSZ-70',13),(71,'Z-ZA-ZA1','LSZ-71',13),(72,'Z-ZA-ZA2','LSZ-72',13),(73,'Z-ZA-ZA3','LSZ-73',13),(74,'Z-ZZ-ZZ0','LSZ-74',14),(75,'Z-ZZ-ZZ1','LSZ-75',14),(76,'Z-ZZ-ZZ2','LSZ-76',14);

INSERT INTO `property` (id,name,product, property_type, property_value, ord) VALUES 
(1,'A-AB-AB0',21,3,161,8),(2,'A-AB-AB1',22,3,175,8),(3,'A-AB-AB2',23,3,162,8),(4,'A-AB-AB3',24,3,175,8),(5,'A-AB-AB4',25,3,160,8),(6,'A-AB-AB5',26,3,167,8),(7,'A-AB-AB6',27,3,164,8),(8,'A-AB-AB7',28,3,169,8),(9,'A-AB-AB8',29,3,165,8),(10,'A-AB-AB9',30,3,168,8),(11,'A-AJ-AJ0',31,3,157,8),(12,'A-AJ-AJ1',32,3,172,8),(13,'A-AJ-AJ2',33,3,158,8),(14,'A-AJ-AJ3',34,3,165,8),(15,'A-AJ-AJ4',35,3,163,8),(16,'A-AJ-AJ5',36,3,169,8),(17,'A-AJ-AJ6',37,3,169,8),(18,'A-AS-AS0',38,3,185,8),(19,'A-AS-AS1',39,3,150,8),(20,'A-AS-AS2',40,3,167,8),(21,'A-AS-AS3',41,3,156,8),(22,'A-AS-AS4',42,3,169,8)
,(23,'A-AS-AS5',43,3,189,8),(24,'A-AS-AS6',44,3,165,8),(25,'A-AS-AS7',45,3,152,8),(26,'A-AS-AS8',46,3,155,8),(27,'A-AS-AS9',47,3,167,8),(28,'M-MV-MV0',48,3,183,8),(29,'M-MV-MV1',49,3,184,8),(30,'M-MV-MV2',50,3,182,8)
,(31,'M-MV-MV3',51,3,167,8),(32,'M-MV-MV4',52,3,182,8),(33,'M-MV-MV5',53,3,177,8),(34,'M-MV-MV6',54,3,151,8),(35,'M-MX-MX0',55,3,156,8),(36,'M-MX-MX1',56,3,176,8),(37,'M-MX-MX2',57,3,183,8),(38,'M-MX-MX3',58,3,156,8),(39,'Q-QA-QA0',59,3,162,8),(40,'Q-QA-QA1',60,3,152,8),(41,'Q-QA-QA2',61,3,167,8),(42,'Q-QA-QA3',62,3,187,8),(43,'Q-QA-QA4',63,3,166,8),(44,'Q-QA-QA5',64,3,161,8),(45,'Q-QA-QA6',65,3,157,8),(46,'S-SX-SX0',66,3,150,8),(47,'S-SX-SX1',67,3,170,8),(48,'S-SX-SX2',68,3,172,8),(49,'S-SX-SX3',69,3,160,8),(50,'Z-ZA-ZA0',70,3,174,8),(51,'Z-ZA-ZA1',71,3,159,8),(52,'Z-ZA-ZA2',72,3,166,8)
,(53,'Z-ZA-ZA3',73,3,162,8),(54,'Z-ZZ-ZZ0',74,3,165,8),(55,'Z-ZZ-ZZ1',75,3,186,8),(56,'Z-ZZ-ZZ2',76,3,168,8),(64,'cici+A-AB-AB0',21,1,87,38),(65,'cici+A-AB-AB1',22,1,79,38),(66,'cici+A-AB-AB2',23,1,72,38),(67,'cici+A-AB-AB3',24,1,66,38),(68,'cici+A-AB-AB4',25,1,104,38),(69,'cici+A-AB-AB5',26,1,63,38),(70,'cici+A-AB-AB6',27,1,93,38),(71,'cici+A-AB-AB7',28,1,67,38)
,(72,'cici+A-AB-AB8',29,1,98,38),(73,'cici+A-AB-AB9',30,1,76,38),(74,'cici+A-AJ-AJ0',31,1,78,38),(75,'cici+A-AJ-AJ1',32,1,104,38),(76,'cici+A-AJ-AJ2',33,1,75,38),(77,'cici+A-AJ-AJ3',34,1,105,38),(78,'cici+A-AJ-AJ4',35,1,91,38),(79,'cici+A-AJ-AJ5',36,1,81,38),(80,'cici+A-AJ-AJ6',37,1,73,38),(81,'cici+A-AS-AS0',38,1,61,38),(82,'cici+A-AS-AS1',39,1,77,38),(83,'cici+A-AS-AS2',40,1,94,38),(84,'cici+A-AS-AS3',41,1,80,38)
,(85,'cici+A-AS-AS4',42,1,106,38),(86,'cici+A-AS-AS5',43,1,80,38),(87,'cici+A-AS-AS6',44,1,72,38),(88,'cici+A-AS-AS7',45,1,62,38),(89,'cici+A-AS-AS8',46,1,85,38),(90,'cici+A-AS-AS9',47,1,80,38),(91,'cici+M-MV-MV0',48,1,84,38),(92,'cici+M-MV-MV1',49,1,71,38),(93,'cici+M-MV-MV2',50,1,95,38),(94,'cici+M-MV-MV3',51,1,100,38),(95,'cici+M-MV-MV4',52,1,107,38),(96,'cici+M-MV-MV5',53,1,75,38)
,(97,'cici+M-MV-MV6',54,1,95,38),(98,'cici+M-MX-MX0',55,1,89,38),(99,'cici+M-MX-MX1',56,1,100,38),(100,'cici+M-MX-MX2',57,1,73,38),(101,'cici+M-MX-MX3',58,1,108,38),(102,'cici+Q-QA-QA0',59,1,62,38),(103,'cici+Q-QA-QA1',60,1,75,38),(104,'cici+Q-QA-QA2',61,1,82,38)
,(105,'cici+Q-QA-QA3',62,1,73,38),(106,'cici+Q-QA-QA4',63,1,62,38),(107,'cici+Q-QA-QA5',64,1,81,38),(108,'cici+Q-QA-QA6',65,1,108,38),(109,'cici+S-SX-SX0',66,1,88,38),(110,'cici+S-SX-SX1',67,1,106,38),(111,'cici+S-SX-SX2',68,1,109,38),(112,'cici+S-SX-SX3',69,1,65,38),(113,'cici+Z-ZA-ZA0',70,1,90,38)
,(114,'cici+Z-ZA-ZA1',71,1,95,38),(115,'cici+Z-ZA-ZA2',72,1,94,38),(116,'cici+Z-ZA-ZA3',73,1,76,38),(117,'cici+Z-ZZ-ZZ0',74,1,88,38),(118,'cici+Z-ZZ-ZZ1',75,1,104,38),(119,'cici+Z-ZZ-ZZ2',76,1,96,38),(127,'kosar+A-AB-AB0',21,2,1,58)
,(128,'kosar+A-AB-AB1',22,2,5,58),(129,'kosar+A-AB-AB2',23,2,1,58),(130,'kosar+A-AB-AB3',24,2,1,58),(131,'kosar+A-AB-AB4',25,2,3,58),(132,'kosar+A-AB-AB5',26,2,3,58),(133,'kosar+A-AB-AB6',27,2,3,58),(134,'kosar+A-AB-AB7',28,2,1,58),(135,'kosar+A-AB-AB8',29,2,3,58),(136,'kosar+A-AB-AB9',30,2,3,58),(137,'kosar+A-AJ-AJ0',31,2,5,58),(138,'kosar+A-AJ-AJ1',32,2,5,58),(139,'kosar+A-AJ-AJ2',33,2,5,58),(140,'kosar+A-AJ-AJ3',34,2,3,58),(141,'kosar+A-AJ-AJ4',35,2,2,58),(142,'kosar+A-AJ-AJ5',36,2,1,58)
,(143,'kosar+A-AJ-AJ6',37,2,4,58),(144,'kosar+A-AS-AS0',38,2,2,58),(145,'kosar+A-AS-AS1',39,2,3,58),(146,'kosar+A-AS-AS2',40,2,3,58),(147,'kosar+A-AS-AS3',41,2,5,58),(148,'kosar+A-AS-AS4',42,2,1,58),(149,'kosar+A-AS-AS5',43,2,4,58),(150,'kosar+A-AS-AS6',44,2,1,58),(151,'kosar+A-AS-AS7',45,2,1,58),(152,'kosar+A-AS-AS8',46,2,2,58),(153,'kosar+A-AS-AS9',47,2,4,58),(154,'kosar+M-MV-MV0',48,2,1,58)
,(155,'kosar+M-MV-MV1',49,2,3,58),(156,'kosar+M-MV-MV2',50,2,5,58),(157,'kosar+M-MV-MV3',51,2,3,58),(158,'kosar+M-MV-MV4',52,2,2,58),(159,'kosar+M-MV-MV5',53,2,2,58),(160,'kosar+M-MV-MV6',54,2,4,58),(161,'kosar+M-MX-MX0',55,2,4,58),(162,'kosar+M-MX-MX1',56,2,3,58),(163,'kosar+M-MX-MX2',57,2,5,58),(164,'kosar+M-MX-MX3',58,2,1,58),(165,'kosar+Q-QA-QA0',59,2,5,58),(166,'kosar+Q-QA-QA1',60,2,5,58),(167,'kosar+Q-QA-QA2',61,2,4,58),(168,'kosar+Q-QA-QA3',62,2,4,58),(169,'kosar+Q-QA-QA4',63,2,5,58),(170,'kosar+Q-QA-QA5',64,2,5,58),(171,'kosar+Q-QA-QA6',65,2,5,58)
,(172,'kosar+S-SX-SX0',66,2,1,58),(173,'kosar+S-SX-SX1',67,2,4,58),(174,'kosar+S-SX-SX2',68,2,1,58),(175,'kosar+S-SX-SX3',69,2,5,58),(176,'kosar+Z-ZA-ZA0',70,2,4,58),(177,'kosar+Z-ZA-ZA1',71,2,1,58),(178,'kosar+Z-ZA-ZA2',72,2,4,58),(179,'kosar+Z-ZA-ZA3',73,2,4,58),(180,'kosar+Z-ZZ-ZZ0',74,2,2,58),(181,'kosar+Z-ZZ-ZZ1',75,2,1,58),(182,'kosar+Z-ZZ-ZZ2',76,2,1,58),(191,'class+A-AB-AB0',21,7,8,58),(192,'class+A-AB-AB1',22,7,7,58)
,(193,'class+A-AB-AB2',23,7,9,58),(194,'class+A-AB-AB3',24,7,10,58),(195,'class+A-AB-AB4',25,7,9,58),(196,'class+A-AB-AB5',26,7,9,58),(197,'class+A-AB-AB6',27,7,10,58),(198,'class+A-AB-AB7',28,7,8,58),(199,'class+A-AB-AB8',29,7,10,58),(200,'class+A-AB-AB9',30,7,6,58)
,(201,'class+A-AJ-AJ0',31,7,10,58),(202,'class+A-AJ-AJ1',32,7,9,58),(203,'class+A-AJ-AJ2',33,7,6,58)
,(204,'class+A-AJ-AJ3',34,7,7,58),(205,'class+A-AJ-AJ4',35,7,6,58),(206,'class+A-AJ-AJ5',36,7,9,58),(207,'class+A-AJ-AJ6',37,7,6,58),(208,'class+A-AS-AS0',38,7,9,58),(209,'class+A-AS-AS1',39,7,7,58),(210,'class+A-AS-AS2',40,7,7,58),(211,'class+A-AS-AS3',41,7,10,58),(212,'class+A-AS-AS4',42,7,7,58),(213,'class+A-AS-AS5',43,7,10,58),(214,'class+A-AS-AS6',44,7,9,58),(215,'class+A-AS-AS7',45,7,10,58),(216,'class+A-AS-AS8',46,7,7,58)
,(217,'class+A-AS-AS9',47,7,6,58),(218,'class+M-MV-MV0',48,7,9,58),(219,'class+M-MV-MV1',49,7,6,58),(220,'class+M-MV-MV2',50,7,7,58),(221,'class+M-MV-MV3',51,7,7,58),(222,'class+M-MV-MV4',52,7,6,58),(223,'class+M-MV-MV5',53,7,7,58),(224,'class+M-MV-MV6',54,7,6,58)
,(225,'class+M-MX-MX0',55,7,7,58),(226,'class+M-MX-MX1',56,7,10,58),(227,'class+M-MX-MX2',57,7,6,58),(228,'class+M-MX-MX3',58,7,10,58),(229,'class+Q-QA-QA0',59,7,10,58),(230,'class+Q-QA-QA1',60,7,10,58),(231,'class+Q-QA-QA2',61,7,9,58),(232,'class+Q-QA-QA3',62,7,6,58)
,(233,'class+Q-QA-QA4',63,7,8,58),(234,'class+Q-QA-QA5',64,7,6,58),(235,'class+Q-QA-QA6',65,7,6,58),(236,'class+S-SX-SX0',66,7,8,58),(237,'class+S-SX-SX1',67,7,9,58),(238,'class+S-SX-SX2',68,7,10,58),(239,'class+S-SX-SX3',69,7,8,58),(240,'class+Z-ZA-ZA0',70,7,6,58),(241,'class+Z-ZA-ZA1',71,7,8,58),(242,'class+Z-ZA-ZA2',72,7,7,58),(243,'class+Z-ZA-ZA3',73,7,6,58),(244,'class+Z-ZZ-ZZ0',74,7,6,58),(245,'class+Z-ZZ-ZZ1',75,7,10,58),(246,'class+Z-ZZ-ZZ2',76,7,9,58),(255,'csipo+A-AB-AB0',21,5,65,58)
,(256,'csipo+A-AB-AB1',22,5,40,58),(257,'csipo+A-AB-AB2',23,5,56,58),(258,'csipo+A-AB-AB3',24,5,59,58),(259,'csipo+A-AB-AB4',25,5,59,58),(260,'csipo+A-AB-AB5',26,5,46,58),(261,'csipo+A-AB-AB6',27,5,46,58),(262,'csipo+A-AB-AB7',28,5,52,58),(263,'csipo+A-AB-AB8',29,5,54,58),(264,'csipo+A-AB-AB9',30,5,41,58),(265,'csipo+A-AJ-AJ0',31,5,67,58),(266,'csipo+A-AJ-AJ1',32,5,52,58),(267,'csipo+A-AJ-AJ2',33,5,48,58),(268,'csipo+A-AJ-AJ3',34,5,44,58),(269,'csipo+A-AJ-AJ4',35,5,66,58),(270,'csipo+A-AJ-AJ5',36,5,67,58),(271,'csipo+A-AJ-AJ6',37,5,41,58),(272,'csipo+A-AS-AS0',38,5,55,58),(273,'csipo+A-AS-AS1',39,5,49,58),(274,'csipo+A-AS-AS2',40,5,43,58),(275,'csipo+A-AS-AS3',41,5,59,58),(276,'csipo+A-AS-AS4',42,5,65,58)
,(277,'csipo+A-AS-AS5',43,5,50,58),(278,'csipo+A-AS-AS6',44,5,46,58),(279,'csipo+A-AS-AS7',45,5,41,58),(280,'csipo+A-AS-AS8',46,5,55,58),(281,'csipo+A-AS-AS9',47,5,54,58),(282,'csipo+M-MV-MV0',48,5,64,58),(283,'csipo+M-MV-MV1',49,5,61,58),(284,'csipo+M-MV-MV2',50,5,44,58),(285,'csipo+M-MV-MV3',51,5,55,58),(286,'csipo+M-MV-MV4',52,5,43,58),(287,'csipo+M-MV-MV5',53,5,42,58),(288,'csipo+M-MV-MV6',54,5,40,58),(289,'csipo+M-MX-MX0',55,5,65,58),(290,'csipo+M-MX-MX1',56,5,45,58),(291,'csipo+M-MX-MX2',57,5,51,58),(292,'csipo+M-MX-MX3',58,5,49,58),(293,'csipo+Q-QA-QA0',59,5,55,58)
,(294,'csipo+Q-QA-QA1',60,5,57,58),(295,'csipo+Q-QA-QA2',61,5,52,58),(296,'csipo+Q-QA-QA3',62,5,47,58),(297,'csipo+Q-QA-QA4',63,5,41,58),(298,'csipo+Q-QA-QA5',64,5,52,58),(299,'csipo+Q-QA-QA6',65,5,40,58),(300,'csipo+S-SX-SX0',66,5,64,58),(301,'csipo+S-SX-SX1',67,5,42,58),(302,'csipo+S-SX-SX2',68,5,68,58),(303,'csipo+S-SX-SX3',69,5,53,58),(304,'csipo+Z-ZA-ZA0',70,5,52,58),(305,'csipo+Z-ZA-ZA1',71,5,61,58)
,(306,'csipo+Z-ZA-ZA2',72,5,51,58),(307,'csipo+Z-ZA-ZA3',73,5,60,58),(308,'csipo+Z-ZZ-ZZ0',74,5,48,58),(309,'csipo+Z-ZZ-ZZ1',75,5,49,58),(310,'csipo+Z-ZZ-ZZ2',76,5,65,58),(318,'popsi+A-AB-AB0',21,5,51,58),(319,'popsi+A-AB-AB1',22,5,67,58),(320,'popsi+A-AB-AB2',23,5,83,58),(321,'popsi+A-AB-AB3',24,5,54,58),(322,'popsi+A-AB-AB4',25,5,42,58),(323,'popsi+A-AB-AB5',26,5,66,58),(324,'popsi+A-AB-AB6',27,5,46,58),(325,'popsi+A-AB-AB7',28,5,53,58),(326,'popsi+A-AB-AB8',29,5,85,58),(327,'popsi+A-AB-AB9',30,5,49,58),(328,'popsi+A-AJ-AJ0',31,5,68,58),(329,'popsi+A-AJ-AJ1',32,5,97,58)
,(330,'popsi+A-AJ-AJ2',33,5,58,58),(331,'popsi+A-AJ-AJ3',34,5,83,58),(332,'popsi+A-AJ-AJ4',35,5,79,58),(333,'popsi+A-AJ-AJ5',36,5,47,58),(334,'popsi+A-AJ-AJ6',37,5,81,58),(335,'popsi+A-AS-AS0',38,5,42,58),(336,'popsi+A-AS-AS1',39,5,47,58),(337,'popsi+A-AS-AS2',40,5,71,58),(338,'popsi+A-AS-AS3',41,5,53,58),(339,'popsi+A-AS-AS4',42,5,72,58),(340,'popsi+A-AS-AS5',43,5,44,58),(341,'popsi+A-AS-AS6',44,5,84,58),(342,'popsi+A-AS-AS7',45,5,69,58),(343,'popsi+A-AS-AS8',46,5,52,58),(344,'popsi+A-AS-AS9',47,5,73,58)
,(345,'popsi+M-MV-MV0',48,5,50,58),(346,'popsi+M-MV-MV1',49,5,53,58),(347,'popsi+M-MV-MV2',50,5,73,58),(348,'popsi+M-MV-MV3',51,5,49,58),(349,'popsi+M-MV-MV4',52,5,44,58),(350,'popsi+M-MV-MV5',53,5,94,58),(351,'popsi+M-MV-MV6',54,5,58,58),(352,'popsi+M-MX-MX0',55,5,88,58),(353,'popsi+M-MX-MX1',56,5,49,58),(354,'popsi+M-MX-MX2',57,5,59,58),(355,'popsi+M-MX-MX3',58,5,48,58),(356,'popsi+Q-QA-QA0',59,5,85,58),(357,'popsi+Q-QA-QA1',60,5,62,58),(358,'popsi+Q-QA-QA2',61,5,75,58),(359,'popsi+Q-QA-QA3',62,5,89,58)
,(360,'popsi+Q-QA-QA4',63,5,62,58),(361,'popsi+Q-QA-QA5',64,5,62,58),(362,'popsi+Q-QA-QA6',65,5,86,58),(363,'popsi+S-SX-SX0',66,5,84,58),(364,'popsi+S-SX-SX1',67,5,64,58),(365,'popsi+S-SX-SX2',68,5,87,58),(366,'popsi+S-SX-SX3',69,5,83,58),(367,'popsi+Z-ZA-ZA0',70,5,54,58),(368,'popsi+Z-ZA-ZA1',71,5,44,58),(369,'popsi+Z-ZA-ZA2',72,5,77,58),(370,'popsi+Z-ZA-ZA3',73,5,94,58),(371,'popsi+Z-ZZ-ZZ0',74,5,78,58),(372,'popsi+Z-ZZ-ZZ1',75,5,70,58),(373,'popsi+Z-ZZ-ZZ2',76,5,76,58);

INSERT INTO `property_intl` (id, lang, product, name, property_type,property_value, created_at ) VALUES
  ( 1,5,21,'A-AB-AB0',4,'## CC-VV\n\n### Szuletesi ido: 2000-01-01\n\nLorem ipsum dolor sit amet, consectetur adipiscing elit, sed do eiusmod tempor incididunt ut labore et dolore magna aliqua. Ut enim ad minim veniam, quis nostrud exercitation ullamco laboris nisi ut aliquip ex ea commodo consequat. Duis aute irure dolor in reprehenderit in voluptate velit esse cillum dolore eu fugiat nulla pariatur. Excepteur sint occaecat cupidatat non proident, sunt in culpa qui officia deserunt mollit anim id est laborum.','2021-12-16 17:45:25')
 ,( 2,5,22,'A-AB-AB1',4,'## CC-VV\n\n### Szuletesi ido: 2000-01-01\n\nLorem ipsum dolor sit amet, consectetur adipiscing elit, sed do eiusmod tempor incididunt ut labore et dolore magna aliqua. Ut enim ad minim veniam, quis nostrud exercitation ullamco laboris nisi ut aliquip ex ea commodo consequat. Duis aute irure dolor in reprehenderit in voluptate velit esse cillum dolore eu fugiat nulla pariatur. Excepteur sint occaecat cupidatat non proident, sunt in culpa qui officia deserunt mollit anim id est laborum.','2021-12-16 17:45:25')
 ,( 3,5,23,'A-AB-AB2',4,'## CC-VV\n\n### Szuletesi ido: 2000-01-01\n\nLorem ipsum dolor sit amet, consectetur adipiscing elit, sed do eiusmod tempor incididunt ut labore et dolore magna aliqua. Ut enim ad minim veniam, quis nostrud exercitation ullamco laboris nisi ut aliquip ex ea commodo consequat. Duis aute irure dolor in reprehenderit in voluptate velit esse cillum dolore eu fugiat nulla pariatur. Excepteur sint occaecat cupidatat non proident, sunt in culpa qui officia deserunt mollit anim id est laborum.','2021-12-16 17:45:25')
 ,( 4,5,24,'A-AB-AB3',4,'## CC-VV\n\n### Szuletesi ido: 2000-01-01\n\nLorem ipsum dolor sit amet, consectetur adipiscing elit, sed do eiusmod tempor incididunt ut labore et dolore magna aliqua. Ut enim ad minim veniam, quis nostrud exercitation ullamco laboris nisi ut aliquip ex ea commodo consequat. Duis aute irure dolor in reprehenderit in voluptate velit esse cillum dolore eu fugiat nulla pariatur. Excepteur sint occaecat cupidatat non proident, sunt in culpa qui officia deserunt mollit anim id est laborum.','2021-12-16 17:45:25')
 ,( 5,5,25,'A-AB-AB4',4,'## CC-VV\n\n### Szuletesi ido: 2000-01-01\n\nLorem ipsum dolor sit amet, consectetur adipiscing elit, sed do eiusmod tempor incididunt ut labore et dolore magna aliqua. Ut enim ad minim veniam, quis nostrud exercitation ullamco laboris nisi ut aliquip ex ea commodo consequat. Duis aute irure dolor in reprehenderit in voluptate velit esse cillum dolore eu fugiat nulla pariatur. Excepteur sint occaecat cupidatat non proident, sunt in culpa qui officia deserunt mollit anim id est laborum.','2021-12-16 17:45:25')
 ,( 6,5,26,'A-AB-AB5',4,'## CC-VV\n\n### Szuletesi ido: 2000-01-01\n\nLorem ipsum dolor sit amet, consectetur adipiscing elit, sed do eiusmod tempor incididunt ut labore et dolore magna aliqua. Ut enim ad minim veniam, quis nostrud exercitation ullamco laboris nisi ut aliquip ex ea commodo consequat. Duis aute irure dolor in reprehenderit in voluptate velit esse cillum dolore eu fugiat nulla pariatur. Excepteur sint occaecat cupidatat non proident, sunt in culpa qui officia deserunt mollit anim id est laborum.','2021-12-16 17:45:25')
 ,( 7,5,27,'A-AB-AB6',4,'## CC-VV\n\n### Szuletesi ido: 2000-01-01\n\nLorem ipsum dolor sit amet, consectetur adipiscing elit, sed do eiusmod tempor incididunt ut labore et dolore magna aliqua. Ut enim ad minim veniam, quis nostrud exercitation ullamco laboris nisi ut aliquip ex ea commodo consequat. Duis aute irure dolor in reprehenderit in voluptate velit esse cillum dolore eu fugiat nulla pariatur. Excepteur sint occaecat cupidatat non proident, sunt in culpa qui officia deserunt mollit anim id est laborum.','2021-12-16 17:45:25')
 ,( 8,5,28,'A-AB-AB7',4,'## CC-VV\n\n### Szuletesi ido: 2000-01-01\n\nLorem ipsum dolor sit amet, consectetur adipiscing elit, sed do eiusmod tempor incididunt ut labore et dolore magna aliqua. Ut enim ad minim veniam, quis nostrud exercitation ullamco laboris nisi ut aliquip ex ea commodo consequat. Duis aute irure dolor in reprehenderit in voluptate velit esse cillum dolore eu fugiat nulla pariatur. Excepteur sint occaecat cupidatat non proident, sunt in culpa qui officia deserunt mollit anim id est laborum.','2021-12-16 17:45:25')
 ,( 9,5,29,'A-AB-AB8',4,'## CC-VV\n\n### Szuletesi ido: 2000-01-01\n\nLorem ipsum dolor sit amet, consectetur adipiscing elit, sed do eiusmod tempor incididunt ut labore et dolore magna aliqua. Ut enim ad minim veniam, quis nostrud exercitation ullamco laboris nisi ut aliquip ex ea commodo consequat. Duis aute irure dolor in reprehenderit in voluptate velit esse cillum dolore eu fugiat nulla pariatur. Excepteur sint occaecat cupidatat non proident, sunt in culpa qui officia deserunt mollit anim id est laborum.','2021-12-16 17:45:25')
 ,(10,5,30,'A-AB-AB9',4,'## CC-VV\n\n### Szuletesi ido: 2000-01-01\n\nLorem ipsum dolor sit amet, consectetur adipiscing elit, sed do eiusmod tempor incididunt ut labore et dolore magna aliqua. Ut enim ad minim veniam, quis nostrud exercitation ullamco laboris nisi ut aliquip ex ea commodo consequat. Duis aute irure dolor in reprehenderit in voluptate velit esse cillum dolore eu fugiat nulla pariatur. Excepteur sint occaecat cupidatat non proident, sunt in culpa qui officia deserunt mollit anim id est laborum.','2021-12-16 17:45:25')
 ,(11,5,31,'A-AJ-AJ0',4,'## CC-VV\n\n### Szuletesi ido: 2000-01-01\n\nLorem ipsum dolor sit amet, consectetur adipiscing elit, sed do eiusmod tempor incididunt ut labore et dolore magna aliqua. Ut enim ad minim veniam, quis nostrud exercitation ullamco laboris nisi ut aliquip ex ea commodo consequat. Duis aute irure dolor in reprehenderit in voluptate velit esse cillum dolore eu fugiat nulla pariatur. Excepteur sint occaecat cupidatat non proident, sunt in culpa qui officia deserunt mollit anim id est laborum.','2021-12-16 17:45:25')
 ,(12,5,32,'A-AJ-AJ1',4,'## CC-VV\n\n### Szuletesi ido: 2000-01-01\n\nLorem ipsum dolor sit amet, consectetur adipiscing elit, sed do eiusmod tempor incididunt ut labore et dolore magna aliqua. Ut enim ad minim veniam, quis nostrud exercitation ullamco laboris nisi ut aliquip ex ea commodo consequat. Duis aute irure dolor in reprehenderit in voluptate velit esse cillum dolore eu fugiat nulla pariatur. Excepteur sint occaecat cupidatat non proident, sunt in culpa qui officia deserunt mollit anim id est laborum.','2021-12-16 17:45:25')
 ,(13,5,33,'A-AJ-AJ2',4,'## CC-VV\n\n### Szuletesi ido: 2000-01-01\n\nLorem ipsum dolor sit amet, consectetur adipiscing elit, sed do eiusmod tempor incididunt ut labore et dolore magna aliqua. Ut enim ad minim veniam, quis nostrud exercitation ullamco laboris nisi ut aliquip ex ea commodo consequat. Duis aute irure dolor in reprehenderit in voluptate velit esse cillum dolore eu fugiat nulla pariatur. Excepteur sint occaecat cupidatat non proident, sunt in culpa qui officia deserunt mollit anim id est laborum.','2021-12-16 17:45:25')
 ,(14,5,34,'A-AJ-AJ3',4,'## CC-VV\n\n### Szuletesi ido: 2000-01-01\n\nLorem ipsum dolor sit amet, consectetur adipiscing elit, sed do eiusmod tempor incididunt ut labore et dolore magna aliqua. Ut enim ad minim veniam, quis nostrud exercitation ullamco laboris nisi ut aliquip ex ea commodo consequat. Duis aute irure dolor in reprehenderit in voluptate velit esse cillum dolore eu fugiat nulla pariatur. Excepteur sint occaecat cupidatat non proident, sunt in culpa qui officia deserunt mollit anim id est laborum.','2021-12-16 17:45:25')
 ,(15,5,35,'A-AJ-AJ4',4,'## CC-VV\n\n### Szuletesi ido: 2000-01-01\n\nLorem ipsum dolor sit amet, consectetur adipiscing elit, sed do eiusmod tempor incididunt ut labore et dolore magna aliqua. Ut enim ad minim veniam, quis nostrud exercitation ullamco laboris nisi ut aliquip ex ea commodo consequat. Duis aute irure dolor in reprehenderit in voluptate velit esse cillum dolore eu fugiat nulla pariatur. Excepteur sint occaecat cupidatat non proident, sunt in culpa qui officia deserunt mollit anim id est laborum.','2021-12-16 17:45:25')
 ,(16,5,36,'A-AJ-AJ5',4,'## CC-VV\n\n### Szuletesi ido: 2000-01-01\n\nLorem ipsum dolor sit amet, consectetur adipiscing elit, sed do eiusmod tempor incididunt ut labore et dolore magna aliqua. Ut enim ad minim veniam, quis nostrud exercitation ullamco laboris nisi ut aliquip ex ea commodo consequat. Duis aute irure dolor in reprehenderit in voluptate velit esse cillum dolore eu fugiat nulla pariatur. Excepteur sint occaecat cupidatat non proident, sunt in culpa qui officia deserunt mollit anim id est laborum.','2021-12-16 17:45:25')
 ,(17,5,37,'A-AJ-AJ6',4,'## CC-VV\n\n### Szuletesi ido: 2000-01-01\n\nLorem ipsum dolor sit amet, consectetur adipiscing elit, sed do eiusmod tempor incididunt ut labore et dolore magna aliqua. Ut enim ad minim veniam, quis nostrud exercitation ullamco laboris nisi ut aliquip ex ea commodo consequat. Duis aute irure dolor in reprehenderit in voluptate velit esse cillum dolore eu fugiat nulla pariatur. Excepteur sint occaecat cupidatat non proident, sunt in culpa qui officia deserunt mollit anim id est laborum.','2021-12-16 17:45:25')
 ,(18,5,38,'A-AS-AS0',4,'## CC-VV\n\n### Szuletesi ido: 2000-01-01\n\nLorem ipsum dolor sit amet, consectetur adipiscing elit, sed do eiusmod tempor incididunt ut labore et dolore magna aliqua. Ut enim ad minim veniam, quis nostrud exercitation ullamco laboris nisi ut aliquip ex ea commodo consequat. Duis aute irure dolor in reprehenderit in voluptate velit esse cillum dolore eu fugiat nulla pariatur. Excepteur sint occaecat cupidatat non proident, sunt in culpa qui officia deserunt mollit anim id est laborum.','2021-12-16 17:45:25')
 ,(19,5,39,'A-AS-AS1',4,'## CC-VV\n\n### Szuletesi ido: 2000-01-01\n\nLorem ipsum dolor sit amet, consectetur adipiscing elit, sed do eiusmod tempor incididunt ut labore et dolore magna aliqua. Ut enim ad minim veniam, quis nostrud exercitation ullamco laboris nisi ut aliquip ex ea commodo consequat. Duis aute irure dolor in reprehenderit in voluptate velit esse cillum dolore eu fugiat nulla pariatur. Excepteur sint occaecat cupidatat non proident, sunt in culpa qui officia deserunt mollit anim id est laborum.','2021-12-16 17:45:25')
 ,(20,5,40,'A-AS-AS2',4,'## CC-VV\n\n### Szuletesi ido: 2000-01-01\n\nLorem ipsum dolor sit amet, consectetur adipiscing elit, sed do eiusmod tempor incididunt ut labore et dolore magna aliqua. Ut enim ad minim veniam, quis nostrud exercitation ullamco laboris nisi ut aliquip ex ea commodo consequat. Duis aute irure dolor in reprehenderit in voluptate velit esse cillum dolore eu fugiat nulla pariatur. Excepteur sint occaecat cupidatat non proident, sunt in culpa qui officia deserunt mollit anim id est laborum.','2021-12-16 17:45:25')
 ,(21,5,41,'A-AS-AS3',4,'## CC-VV\n\n### Szuletesi ido: 2000-01-01\n\nLorem ipsum dolor sit amet, consectetur adipiscing elit, sed do eiusmod tempor incididunt ut labore et dolore magna aliqua. Ut enim ad minim veniam, quis nostrud exercitation ullamco laboris nisi ut aliquip ex ea commodo consequat. Duis aute irure dolor in reprehenderit in voluptate velit esse cillum dolore eu fugiat nulla pariatur. Excepteur sint occaecat cupidatat non proident, sunt in culpa qui officia deserunt mollit anim id est laborum.','2021-12-16 17:45:25')
 ,(22,5,42,'A-AS-AS4',4,'## CC-VV\n\n### Szuletesi ido: 2000-01-01\n\nLorem ipsum dolor sit amet, consectetur adipiscing elit, sed do eiusmod tempor incididunt ut labore et dolore magna aliqua. Ut enim ad minim veniam, quis nostrud exercitation ullamco laboris nisi ut aliquip ex ea commodo consequat. Duis aute irure dolor in reprehenderit in voluptate velit esse cillum dolore eu fugiat nulla pariatur. Excepteur sint occaecat cupidatat non proident, sunt in culpa qui officia deserunt mollit anim id est laborum.','2021-12-16 17:45:25')
 ,(23,5,43,'A-AS-AS5',4,'## CC-VV\n\n### Szuletesi ido: 2000-01-01\n\nLorem ipsum dolor sit amet, consectetur adipiscing elit, sed do eiusmod tempor incididunt ut labore et dolore magna aliqua. Ut enim ad minim veniam, quis nostrud exercitation ullamco laboris nisi ut aliquip ex ea commodo consequat. Duis aute irure dolor in reprehenderit in voluptate velit esse cillum dolore eu fugiat nulla pariatur. Excepteur sint occaecat cupidatat non proident, sunt in culpa qui officia deserunt mollit anim id est laborum.','2021-12-16 17:45:25')
 ,(24,5,44,'A-AS-AS6',4,'## CC-VV\n\n### Szuletesi ido: 2000-01-01\n\nLorem ipsum dolor sit amet, consectetur adipiscing elit, sed do eiusmod tempor incididunt ut labore et dolore magna aliqua. Ut enim ad minim veniam, quis nostrud exercitation ullamco laboris nisi ut aliquip ex ea commodo consequat. Duis aute irure dolor in reprehenderit in voluptate velit esse cillum dolore eu fugiat nulla pariatur. Excepteur sint occaecat cupidatat non proident, sunt in culpa qui officia deserunt mollit anim id est laborum.','2021-12-16 17:45:25')
 ,(25,5,45,'A-AS-AS7',4,'## CC-VV\n\n### Szuletesi ido: 2000-01-01\n\nLorem ipsum dolor sit amet, consectetur adipiscing elit, sed do eiusmod tempor incididunt ut labore et dolore magna aliqua. Ut enim ad minim veniam, quis nostrud exercitation ullamco laboris nisi ut aliquip ex ea commodo consequat. Duis aute irure dolor in reprehenderit in voluptate velit esse cillum dolore eu fugiat nulla pariatur. Excepteur sint occaecat cupidatat non proident, sunt in culpa qui officia deserunt mollit anim id est laborum.','2021-12-16 17:45:25')
 ,(26,5,46,'A-AS-AS8',4,'## CC-VV\n\n### Szuletesi ido: 2000-01-01\n\nLorem ipsum dolor sit amet, consectetur adipiscing elit, sed do eiusmod tempor incididunt ut labore et dolore magna aliqua. Ut enim ad minim veniam, quis nostrud exercitation ullamco laboris nisi ut aliquip ex ea commodo consequat. Duis aute irure dolor in reprehenderit in voluptate velit esse cillum dolore eu fugiat nulla pariatur. Excepteur sint occaecat cupidatat non proident, sunt in culpa qui officia deserunt mollit anim id est laborum.','2021-12-16 17:45:25')
 ,(27,5,47,'A-AS-AS9',4,'## CC-VV\n\n### Szuletesi ido: 2000-01-01\n\nLorem ipsum dolor sit amet, consectetur adipiscing elit, sed do eiusmod tempor incididunt ut labore et dolore magna aliqua. Ut enim ad minim veniam, quis nostrud exercitation ullamco laboris nisi ut aliquip ex ea commodo consequat. Duis aute irure dolor in reprehenderit in voluptate velit esse cillum dolore eu fugiat nulla pariatur. Excepteur sint occaecat cupidatat non proident, sunt in culpa qui officia deserunt mollit anim id est laborum.','2021-12-16 17:45:25')
 ,(28,5,48,'M-MV-MV0',4,'## CC-VV\n\n### Szuletesi ido: 2000-01-01\n\nLorem ipsum dolor sit amet, consectetur adipiscing elit, sed do eiusmod tempor incididunt ut labore et dolore magna aliqua. Ut enim ad minim veniam, quis nostrud exercitation ullamco laboris nisi ut aliquip ex ea commodo consequat. Duis aute irure dolor in reprehenderit in voluptate velit esse cillum dolore eu fugiat nulla pariatur. Excepteur sint occaecat cupidatat non proident, sunt in culpa qui officia deserunt mollit anim id est laborum.','2021-12-16 17:45:25')
 ,(29,5,49,'M-MV-MV1',4,'## CC-VV\n\n### Szuletesi ido: 2000-01-01\n\nLorem ipsum dolor sit amet, consectetur adipiscing elit, sed do eiusmod tempor incididunt ut labore et dolore magna aliqua. Ut enim ad minim veniam, quis nostrud exercitation ullamco laboris nisi ut aliquip ex ea commodo consequat. Duis aute irure dolor in reprehenderit in voluptate velit esse cillum dolore eu fugiat nulla pariatur. Excepteur sint occaecat cupidatat non proident, sunt in culpa qui officia deserunt mollit anim id est laborum.','2021-12-16 17:45:25')
 ,(30,5,50,'M-MV-MV2',4,'## CC-VV\n\n### Szuletesi ido: 2000-01-01\n\nLorem ipsum dolor sit amet, consectetur adipiscing elit, sed do eiusmod tempor incididunt ut labore et dolore magna aliqua. Ut enim ad minim veniam, quis nostrud exercitation ullamco laboris nisi ut aliquip ex ea commodo consequat. Duis aute irure dolor in reprehenderit in voluptate velit esse cillum dolore eu fugiat nulla pariatur. Excepteur sint occaecat cupidatat non proident, sunt in culpa qui officia deserunt mollit anim id est laborum.','2021-12-16 17:45:25')
 ,(31,5,51,'M-MV-MV3',4,'## CC-VV\n\n### Szuletesi ido: 2000-01-01\n\nLorem ipsum dolor sit amet, consectetur adipiscing elit, sed do eiusmod tempor incididunt ut labore et dolore magna aliqua. Ut enim ad minim veniam, quis nostrud exercitation ullamco laboris nisi ut aliquip ex ea commodo consequat. Duis aute irure dolor in reprehenderit in voluptate velit esse cillum dolore eu fugiat nulla pariatur. Excepteur sint occaecat cupidatat non proident, sunt in culpa qui officia deserunt mollit anim id est laborum.','2021-12-16 17:45:25')
 ,(32,5,52,'M-MV-MV4',4,'## CC-VV\n\n### Szuletesi ido: 2000-01-01\n\nLorem ipsum dolor sit amet, consectetur adipiscing elit, sed do eiusmod tempor incididunt ut labore et dolore magna aliqua. Ut enim ad minim veniam, quis nostrud exercitation ullamco laboris nisi ut aliquip ex ea commodo consequat. Duis aute irure dolor in reprehenderit in voluptate velit esse cillum dolore eu fugiat nulla pariatur. Excepteur sint occaecat cupidatat non proident, sunt in culpa qui officia deserunt mollit anim id est laborum.','2021-12-16 17:45:25')
 ,(33,5,53,'M-MV-MV5',4,'## CC-VV\n\n### Szuletesi ido: 2000-01-01\n\nLorem ipsum dolor sit amet, consectetur adipiscing elit, sed do eiusmod tempor incididunt ut labore et dolore magna aliqua. Ut enim ad minim veniam, quis nostrud exercitation ullamco laboris nisi ut aliquip ex ea commodo consequat. Duis aute irure dolor in reprehenderit in voluptate velit esse cillum dolore eu fugiat nulla pariatur. Excepteur sint occaecat cupidatat non proident, sunt in culpa qui officia deserunt mollit anim id est laborum.','2021-12-16 17:45:25')
 ,(34,5,54,'M-MV-MV6',4,'## CC-VV\n\n### Szuletesi ido: 2000-01-01\n\nLorem ipsum dolor sit amet, consectetur adipiscing elit, sed do eiusmod tempor incididunt ut labore et dolore magna aliqua. Ut enim ad minim veniam, quis nostrud exercitation ullamco laboris nisi ut aliquip ex ea commodo consequat. Duis aute irure dolor in reprehenderit in voluptate velit esse cillum dolore eu fugiat nulla pariatur. Excepteur sint occaecat cupidatat non proident, sunt in culpa qui officia deserunt mollit anim id est laborum.','2021-12-16 17:45:25')
 ,(35,5,55,'M-MX-MX0',4,'## CC-VV\n\n### Szuletesi ido: 2000-01-01\n\nLorem ipsum dolor sit amet, consectetur adipiscing elit, sed do eiusmod tempor incididunt ut labore et dolore magna aliqua. Ut enim ad minim veniam, quis nostrud exercitation ullamco laboris nisi ut aliquip ex ea commodo consequat. Duis aute irure dolor in reprehenderit in voluptate velit esse cillum dolore eu fugiat nulla pariatur. Excepteur sint occaecat cupidatat non proident, sunt in culpa qui officia deserunt mollit anim id est laborum.','2021-12-16 17:45:25')
 ,(36,5,56,'M-MX-MX1',4,'## CC-VV\n\n### Szuletesi ido: 2000-01-01\n\nLorem ipsum dolor sit amet, consectetur adipiscing elit, sed do eiusmod tempor incididunt ut labore et dolore magna aliqua. Ut enim ad minim veniam, quis nostrud exercitation ullamco laboris nisi ut aliquip ex ea commodo consequat. Duis aute irure dolor in reprehenderit in voluptate velit esse cillum dolore eu fugiat nulla pariatur. Excepteur sint occaecat cupidatat non proident, sunt in culpa qui officia deserunt mollit anim id est laborum.','2021-12-16 17:45:25')
 ,(37,5,57,'M-MX-MX2',4,'## CC-VV\n\n### Szuletesi ido: 2000-01-01\n\nLorem ipsum dolor sit amet, consectetur adipiscing elit, sed do eiusmod tempor incididunt ut labore et dolore magna aliqua. Ut enim ad minim veniam, quis nostrud exercitation ullamco laboris nisi ut aliquip ex ea commodo consequat. Duis aute irure dolor in reprehenderit in voluptate velit esse cillum dolore eu fugiat nulla pariatur. Excepteur sint occaecat cupidatat non proident, sunt in culpa qui officia deserunt mollit anim id est laborum.','2021-12-16 17:45:25')
 ,(38,5,58,'M-MX-MX3',4,'## CC-VV\n\n### Szuletesi ido: 2000-01-01\n\nLorem ipsum dolor sit amet, consectetur adipiscing elit, sed do eiusmod tempor incididunt ut labore et dolore magna aliqua. Ut enim ad minim veniam, quis nostrud exercitation ullamco laboris nisi ut aliquip ex ea commodo consequat. Duis aute irure dolor in reprehenderit in voluptate velit esse cillum dolore eu fugiat nulla pariatur. Excepteur sint occaecat cupidatat non proident, sunt in culpa qui officia deserunt mollit anim id est laborum.','2021-12-16 17:45:25')
 ,(39,5,59,'Q-QA-QA0',4,'## CC-VV\n\n### Szuletesi ido: 2000-01-01\n\nLorem ipsum dolor sit amet, consectetur adipiscing elit, sed do eiusmod tempor incididunt ut labore et dolore magna aliqua. Ut enim ad minim veniam, quis nostrud exercitation ullamco laboris nisi ut aliquip ex ea commodo consequat. Duis aute irure dolor in reprehenderit in voluptate velit esse cillum dolore eu fugiat nulla pariatur. Excepteur sint occaecat cupidatat non proident, sunt in culpa qui officia deserunt mollit anim id est laborum.','2021-12-16 17:45:25')
 ,(40,5,60,'Q-QA-QA1',4,'## CC-VV\n\n### Szuletesi ido: 2000-01-01\n\nLorem ipsum dolor sit amet, consectetur adipiscing elit, sed do eiusmod tempor incididunt ut labore et dolore magna aliqua. Ut enim ad minim veniam, quis nostrud exercitation ullamco laboris nisi ut aliquip ex ea commodo consequat. Duis aute irure dolor in reprehenderit in voluptate velit esse cillum dolore eu fugiat nulla pariatur. Excepteur sint occaecat cupidatat non proident, sunt in culpa qui officia deserunt mollit anim id est laborum.','2021-12-16 17:45:25')
 ,(41,5,61,'Q-QA-QA2',4,'## CC-VV\n\n### Szuletesi ido: 2000-01-01\n\nLorem ipsum dolor sit amet, consectetur adipiscing elit, sed do eiusmod tempor incididunt ut labore et dolore magna aliqua. Ut enim ad minim veniam, quis nostrud exercitation ullamco laboris nisi ut aliquip ex ea commodo consequat. Duis aute irure dolor in reprehenderit in voluptate velit esse cillum dolore eu fugiat nulla pariatur. Excepteur sint occaecat cupidatat non proident, sunt in culpa qui officia deserunt mollit anim id est laborum.','2021-12-16 17:45:25')
 ,(42,5,62,'Q-QA-QA3',4,'## CC-VV\n\n### Szuletesi ido: 2000-01-01\n\nLorem ipsum dolor sit amet, consectetur adipiscing elit, sed do eiusmod tempor incididunt ut labore et dolore magna aliqua. Ut enim ad minim veniam, quis nostrud exercitation ullamco laboris nisi ut aliquip ex ea commodo consequat. Duis aute irure dolor in reprehenderit in voluptate velit esse cillum dolore eu fugiat nulla pariatur. Excepteur sint occaecat cupidatat non proident, sunt in culpa qui officia deserunt mollit anim id est laborum.','2021-12-16 17:45:25')
 ,(43,5,63,'Q-QA-QA4',4,'## CC-VV\n\n### Szuletesi ido: 2000-01-01\n\nLorem ipsum dolor sit amet, consectetur adipiscing elit, sed do eiusmod tempor incididunt ut labore et dolore magna aliqua. Ut enim ad minim veniam, quis nostrud exercitation ullamco laboris nisi ut aliquip ex ea commodo consequat. Duis aute irure dolor in reprehenderit in voluptate velit esse cillum dolore eu fugiat nulla pariatur. Excepteur sint occaecat cupidatat non proident, sunt in culpa qui officia deserunt mollit anim id est laborum.','2021-12-16 17:45:25')
 ,(44,5,64,'Q-QA-QA5',4,'## CC-VV\n\n### Szuletesi ido: 2000-01-01\n\nLorem ipsum dolor sit amet, consectetur adipiscing elit, sed do eiusmod tempor incididunt ut labore et dolore magna aliqua. Ut enim ad minim veniam, quis nostrud exercitation ullamco laboris nisi ut aliquip ex ea commodo consequat. Duis aute irure dolor in reprehenderit in voluptate velit esse cillum dolore eu fugiat nulla pariatur. Excepteur sint occaecat cupidatat non proident, sunt in culpa qui officia deserunt mollit anim id est laborum.','2021-12-16 17:45:25')
 ,(45,5,65,'Q-QA-QA6',4,'## CC-VV\n\n### Szuletesi ido: 2000-01-01\n\nLorem ipsum dolor sit amet, consectetur adipiscing elit, sed do eiusmod tempor incididunt ut labore et dolore magna aliqua. Ut enim ad minim veniam, quis nostrud exercitation ullamco laboris nisi ut aliquip ex ea commodo consequat. Duis aute irure dolor in reprehenderit in voluptate velit esse cillum dolore eu fugiat nulla pariatur. Excepteur sint occaecat cupidatat non proident, sunt in culpa qui officia deserunt mollit anim id est laborum.','2021-12-16 17:45:25')
 ,(46,5,66,'S-SX-SX0',4,'## CC-VV\n\n### Szuletesi ido: 2000-01-01\n\nLorem ipsum dolor sit amet, consectetur adipiscing elit, sed do eiusmod tempor incididunt ut labore et dolore magna aliqua. Ut enim ad minim veniam, quis nostrud exercitation ullamco laboris nisi ut aliquip ex ea commodo consequat. Duis aute irure dolor in reprehenderit in voluptate velit esse cillum dolore eu fugiat nulla pariatur. Excepteur sint occaecat cupidatat non proident, sunt in culpa qui officia deserunt mollit anim id est laborum.','2021-12-16 17:45:25')
 ,(47,5,67,'S-SX-SX1',4,'## CC-VV\n\n### Szuletesi ido: 2000-01-01\n\nLorem ipsum dolor sit amet, consectetur adipiscing elit, sed do eiusmod tempor incididunt ut labore et dolore magna aliqua. Ut enim ad minim veniam, quis nostrud exercitation ullamco laboris nisi ut aliquip ex ea commodo consequat. Duis aute irure dolor in reprehenderit in voluptate velit esse cillum dolore eu fugiat nulla pariatur. Excepteur sint occaecat cupidatat non proident, sunt in culpa qui officia deserunt mollit anim id est laborum.','2021-12-16 17:45:25')
 ,(48,5,68,'S-SX-SX2',4,'## CC-VV\n\n### Szuletesi ido: 2000-01-01\n\nLorem ipsum dolor sit amet, consectetur adipiscing elit, sed do eiusmod tempor incididunt ut labore et dolore magna aliqua. Ut enim ad minim veniam, quis nostrud exercitation ullamco laboris nisi ut aliquip ex ea commodo consequat. Duis aute irure dolor in reprehenderit in voluptate velit esse cillum dolore eu fugiat nulla pariatur. Excepteur sint occaecat cupidatat non proident, sunt in culpa qui officia deserunt mollit anim id est laborum.','2021-12-16 17:45:25')
 ,(49,5,69,'S-SX-SX3',4,'## CC-VV\n\n### Szuletesi ido: 2000-01-01\n\nLorem ipsum dolor sit amet, consectetur adipiscing elit, sed do eiusmod tempor incididunt ut labore et dolore magna aliqua. Ut enim ad minim veniam, quis nostrud exercitation ullamco laboris nisi ut aliquip ex ea commodo consequat. Duis aute irure dolor in reprehenderit in voluptate velit esse cillum dolore eu fugiat nulla pariatur. Excepteur sint occaecat cupidatat non proident, sunt in culpa qui officia deserunt mollit anim id est laborum.','2021-12-16 17:45:25')
 ,(50,5,70,'Z-ZA-ZA0',4,'## CC-VV\n\n### Szuletesi ido: 2000-01-01\n\nLorem ipsum dolor sit amet, consectetur adipiscing elit, sed do eiusmod tempor incididunt ut labore et dolore magna aliqua. Ut enim ad minim veniam, quis nostrud exercitation ullamco laboris nisi ut aliquip ex ea commodo consequat. Duis aute irure dolor in reprehenderit in voluptate velit esse cillum dolore eu fugiat nulla pariatur. Excepteur sint occaecat cupidatat non proident, sunt in culpa qui officia deserunt mollit anim id est laborum.','2021-12-16 17:45:25')
 ,(51,5,71,'Z-ZA-ZA1',4,'## CC-VV\n\n### Szuletesi ido: 2000-01-01\n\nLorem ipsum dolor sit amet, consectetur adipiscing elit, sed do eiusmod tempor incididunt ut labore et dolore magna aliqua. Ut enim ad minim veniam, quis nostrud exercitation ullamco laboris nisi ut aliquip ex ea commodo consequat. Duis aute irure dolor in reprehenderit in voluptate velit esse cillum dolore eu fugiat nulla pariatur. Excepteur sint occaecat cupidatat non proident, sunt in culpa qui officia deserunt mollit anim id est laborum.','2021-12-16 17:45:25')
 ,(52,5,72,'Z-ZA-ZA2',4,'## CC-VV\n\n### Szuletesi ido: 2000-01-01\n\nLorem ipsum dolor sit amet, consectetur adipiscing elit, sed do eiusmod tempor incididunt ut labore et dolore magna aliqua. Ut enim ad minim veniam, quis nostrud exercitation ullamco laboris nisi ut aliquip ex ea commodo consequat. Duis aute irure dolor in reprehenderit in voluptate velit esse cillum dolore eu fugiat nulla pariatur. Excepteur sint occaecat cupidatat non proident, sunt in culpa qui officia deserunt mollit anim id est laborum.','2021-12-16 17:45:25')
 ,(53,5,73,'Z-ZA-ZA3',4,'## CC-VV\n\n### Szuletesi ido: 2000-01-01\n\nLorem ipsum dolor sit amet, consectetur adipiscing elit, sed do eiusmod tempor incididunt ut labore et dolore magna aliqua. Ut enim ad minim veniam, quis nostrud exercitation ullamco laboris nisi ut aliquip ex ea commodo consequat. Duis aute irure dolor in reprehenderit in voluptate velit esse cillum dolore eu fugiat nulla pariatur. Excepteur sint occaecat cupidatat non proident, sunt in culpa qui officia deserunt mollit anim id est laborum.','2021-12-16 17:45:25')
 ,(54,5,74,'Z-ZZ-ZZ0',4,'## CC-VV\n\n### Szuletesi ido: 2000-01-01\n\nLorem ipsum dolor sit amet, consectetur adipiscing elit, sed do eiusmod tempor incididunt ut labore et dolore magna aliqua. Ut enim ad minim veniam, quis nostrud exercitation ullamco laboris nisi ut aliquip ex ea commodo consequat. Duis aute irure dolor in reprehenderit in voluptate velit esse cillum dolore eu fugiat nulla pariatur. Excepteur sint occaecat cupidatat non proident, sunt in culpa qui officia deserunt mollit anim id est laborum.','2021-12-16 17:45:25')
 ,(55,5,75,'Z-ZZ-ZZ1',4,'## CC-VV\n\n### Szuletesi ido: 2000-01-01\n\nLorem ipsum dolor sit amet, consectetur adipiscing elit, sed do eiusmod tempor incididunt ut labore et dolore magna aliqua. Ut enim ad minim veniam, quis nostrud exercitation ullamco laboris nisi ut aliquip ex ea commodo consequat. Duis aute irure dolor in reprehenderit in voluptate velit esse cillum dolore eu fugiat nulla pariatur. Excepteur sint occaecat cupidatat non proident, sunt in culpa qui officia deserunt mollit anim id est laborum.','2021-12-16 17:45:25')
 ,(56,5,76,'Z-ZZ-ZZ2',4,'## CC-VV\n\n### Szuletesi ido: 2000-01-01\n\nLorem ipsum dolor sit amet, consectetur adipiscing elit, sed do eiusmod tempor incididunt ut labore et dolore magna aliqua. Ut enim ad minim veniam, quis nostrud exercitation ullamco laboris nisi ut aliquip ex ea commodo consequat. Duis aute irure dolor in reprehenderit in voluptate velit esse cillum dolore eu fugiat nulla pariatur. Excepteur sint occaecat cupidatat non proident, sunt in culpa qui officia deserunt mollit anim id est laborum.','2021-12-16 17:45:25')
 ;